2	 Androgen receptor define
524447	treatment of varicose veins in legs
524722	tricuspid atresia definition
526013	type of antibiotic is oseltamivir
1051285	what is medicine acyclovir used for
1054189	what is hcg for weight loss
1093231	mandibular functions
6217	The hormone that does the opposite of calcitonin is
1052089	what is levofloxacin and what is it used for
15441	alexia medical definition
19940	aplastic anemia causes and symptoms
1069313	what is a phosphodiesterase inhibitor
808362	what is the best medication for hemorrhoids
810242	what is the cause of early ejaculations
24807	are schwann cells are glial cells of the central nervous system
