524447	treatment of varicose veins in legs
11133	acute myelogenous leukemia age
17635	an increase of adh causes the kidneys to ________ the reabsorption of water, causing them to produce _______ urine.
1068924	why hemorrhagic disease tests due to vitamin k deficiency in infancy
24807	are schwann cells are glial cells of the central nervous system
25534	are there allergy drops for your ear congestion
1087114	what are the complications of varicose vein
1087455	what are of common to both aerobic and anaerobic respiration
1090146	tachycardia effects on cardiac output
1090364	streptococcus is a member of what group of organisms
567159	what are the antigen binding sites of immunoglobulins made of
1096945	how many microns is an anthrax spore
1099700	how are meiosis and mitosis similar? apex
586790	what causes coronary artery calcification
588829	what causes hypoxemia in pulmonary edema
