524447	treatment of varicose dilated swollen veins carry have presence valves is prevent branching heart blood walls hemoglobin arteries vessels cases intervals reflux capillaries stream flows in legs walking animal limb used supporting body
11133	acute sensing perceiving myelogenous relating produced bone originating marrow leukemia is humans involves animals classified type organs acute blood according involved tissues characterized body circulating cause increase cell disease number cells age
17635	an increase of adh dehydrogenase alcohol causes the kidneys waste pelvis is humans urine column peritoneum chiefly organs secreted whence products situated conveyed collected centimeters body are mass metabolism lying pair inches bladder nephrons ureter tissue excrete consist discharged cavity to ________ the reabsorption being process condition absorbed absorbing act of water, causing them to produce _______ urine.
1068924	why hemorrhagic vessels blood discharge disease tests procedure evaluation statement trial proof acceptance rejection submitting operations disproof lead examination conditions observation due to vitamin k ionization constant dissociation deficiency shortage substances vitamins health in infancy childhood
24807	are schwann form sheath wraps system cell glial axon myelin cells are glial comprising glia relating cells of the central nervous composed relating neurons system
25534	are there allergy antigen reactivity exposure hypersensitivity altered response drops fluid mass quantity falls for your ear congestion accumulation blood mucus
1087114	what are the complications arises course develops condition causes result disease of varicose dilated swollen vein carry have presence valves is prevent branching heart blood walls hemoglobin arteries vessels cases intervals reflux capillaries stream flows
1087455	what are of common to both undergo produce pain discomfort aerobic presence occurring living oxygen and anaerobic oxygen occurring absence living presence occurring living oxygen respiration gases dioxide oxygen carbon lungs respiratory movement
1090146	tachycardia heart exercise action effects on cardiac heart acting situated relating output matter system amount organ time discharged energy
1090364	streptococcus Streptococcaceae divide nonmotile pathogens humans genus bacteria plane occur animals include pairs chains family chiefly is a member part body organ of what group of organisms carry activities living being means constituted life function organs individual
567159	what are the antigen hapten antibody molecule is T protein cell evokes immunogen alone forming product binding substance body response binding bandage wrap injury cloth sites point scene something place of immunoglobulins —abbreviation antibody Ig made of
1096945	how many microns —called meter length mu millionth unit is an anthrax causing caused lungs bacterium products humans hair animals anthrax nodules handling characterized Bacillus cattle lesions sheep disease spore fungi microorganisms plants dormant spore produced fusion developing body individual
1099700	how are meiosis daughter being half reduced process involves chromosomes number pair division cell cells passes results reduction and mitosis series parent involves process anaphase chromosomes nuclei nucleus telophase consisting place results dividing takes prophase cell having steps metaphase number formation similar? apex end structure
586790	what causes coronary part encircling resembling crown circlet artery vessels carry heart blood branching body calcification impregnation matter
588829	what causes hypoxemia blood oxygenation in pulmonary associated carried functioning relating lungs edema fluid tissue accumulation —called dropsy cavity
